sales_channel,total_revenue,total_orders,unique_customers,avg_order_value,total_margin,avg_discount,gross_margin_pct,revenue_share
Marketplace,5267034.99,2819,424,1868.41,1712127.04,0.051525363604114936,0.3251,0.2961
Direct,5110333.65,2926,443,1746.53,1674573.94,0.05107655502392345,0.3277,0.2873
Partner,4002630.45,2112,415,1895.18,1303211.56,0.04846117424242424,0.3256,0.225
Online Store,3408371.43,1924,404,1771.5,1107369.75,0.049298336798336805,0.3249,0.1916
